"32133","Восьмидесятые. Главные песни десятилетия","1607078954","80s-ussr","null","Идеологический гнёт существенно ослаб, и советская музыка вышла на невиданные до той поры горизонты. Традиционная эстрада стала более раскрепощённой: один Валерий Леонтьев в обтягивающих лосинах чего стоит. Кроме того, позиции отвоёвывает откровенно антисоветский рок. От подпольных концертов и магнитоальбомов к концу десятилетия дело дойдёт до стадионных турне и многомиллионных продаж пластинок, выпущенных на «Мелодии».","null","2","0","0.8807970779778823"
"32475","Праздник живота: что ели и как готовили под Новый год и Рождество в разные времена","1609234872","prazdnik-zhivota-chto-eli-i-kak","null","Сначала рождественские, а затем и новогодние праздники всегда ассоциировались в России с застольем, которое в каждый исторический период обрастало своими традициями и особенностями. Начиная с 1704 года Петербург как столица империи в какой-то мере диктовал кулинарную моду, и это не могло не коснуться празднования Нового года и Рождества. Рассказываем историю застолий и представляем подборку рецептов блюд, которые подавали к царскому столу, а затем и в комнатах коммуналок.","null","3","0","0.9525741268224334"
"32439","Новогодние неурядицы: что было не так с праздником у петербуржцев в прошлом","1609235328","novogodnie-neuryaditsyi-chto-byilo","null","Не мы первые и не мы последние, у кого Новый год не всегда проходит по плану. Предлагаем окунуться в прошлое и взять пример с петербуржцев и ленинградцев, которые не унывали и устраивали праздник вопреки всем превратностям судьбы.","null","0","0","0.5"
"32419","«Щелкунчик» в книжной графике: самые сказочные иллюстрации","1609237020","schelkunchik-v-knizhnoj-grafike","null","Повесть Эрнста Теодора Амадея Гофмана «Щелкунчик и Мышиный король» увидела свет в 1816 году и сразу покорила не только юных читателей, но и художников: у многих появилось желание проиллюстрировать волшебную историю. В преддверии праздников мы решили вспомнить самые удачные графические интерпретации знаменитой сказки и немного рассказать об их создателях.","null","0","0","0.5"
"32030","Там Русью пахнет: творчество Абрама Архипова","1609238814","tam-rusyu-pahnet-tvorchestvo","null","Абрам Архипов — поэт русской глубинки, автор целой галереи колоритных портретов крестьянок. Каким был его творческий путь? Почему тема деревни так его занимала? В чём его принципы были близки с импрессионистскими? Обо всём этом — в нашем материале.","null","0","2","0.5"
"32121","Марк Ротко: когда цвет обретает голос","1609238822","mark-rotko-kogda-tsvet-obretaet","null","Наряду с Джексоном Поллоком и Виллемом де Кунингом Марк Ротко входит в «святую троицу» абстрактного экспрессионизма. О том, как он пришёл к беспредметности, что вкладывал в свои произведения и почему не любил, когда его называли абстракционистом, — в нашем материале.","null","1","0","0.7310585786300049"
"32520","Что скрывает улица Рубинштейна. Часть 1","1609400123","chto-skryivaet-ulitsa-rubinshtejna","null","Доходные дома, советский дом коммуна, малый театр Европы… и почему бары, а не клубы? Добро пожаловать на одну из самых известных ресторанных улиц Европы! Здесь на сорок домов приходится более пятидесяти кафе, баров и ресторанов на любой вкус. С 2010 года улица Рубинштейна стала самостоятельным брендом, знаком качества среди жителей и гостей культурной столицы.","null","4","0","0.9820137900379085"
"32508","KudaGo в Петербурге прошлого: на что тратились горожане в преддверии Рождества","1609400413","kudago-v-peterburge-proshlogo-na","null","Прилично поиздержаться за новогодние каникулы — старая русская забава, а не изобретение нашего времени. Столетие назад петербуржцы лихорадочно ходили от одной лавки к другой в поисках подарков, провизии и прочих мелочей, которые нужны для праздника. В этой рассылке поделимся лайфхаками, как подготовиться к Рождеству и не разориться, если вы горожанин начала XX века.","null","1","0","0.7310585786300049"
"32638","На родине хрущёвок: прогулка по историческому району Щемиловка","1611289963","na-rodine-hruschyovok-progulka-po","null","Исторический район Петербурга, который был отдалённой деревней, затем рабочей окраиной, а стал всесоюзным экспериментом с жилым строительством. Отправляемся на поиски достопримечательностей в районе станции метро «Ломоносовская».","null","0","0","0.5"
"32632","Без страха и упрёка: как ленинградцы жили во время блокады","1611290123","bez-straha-i-upryoka-kak","null","Даже во время тяжелейшей и изматывающей блокады ленинградцы находили время на стихи, театр, улыбки прохожим и другие необязательные вещи, которые и делают нас живыми. Возможно, именно это и давало им силы для победы. Трудно воевать без чего-то светлого внутри. В этой рассылке расскажем о том, что подпитывало волю города и напоминало о мирных временах.","null","0","0","0.5"
"32349","Эль Греко: искусство, побеждающее смерть","1611290318","el-greko-iskusstvo","null","Эль Греко — испанский художник греческого происхождения, в творчестве которого затейливым образом переплелись черты самых разных направлений и школ. О том, как это вышло и что из этого получилось, — в нашем материале.","null","0","0","0.5"
"32714","Нулевые. Главные песни десятилетия в российской музыке","1611912604","null-songs-russia","null","Если девяностые были лихими, то нулевые — сытыми. Интернет, рейтинговые телешоу, рок-фестивали, нацпроекты, хлебосольные корпоративы — всё это могло существовать за счёт притока средств, обеспеченных высокими ценами на нефть и щедрыми иностранными инвестициями. Пока не грянул кризис, шоу-бизнес расцвёл сотнями цветов от попсовиков из «Фабрики звёзд» до звёзд альтернативного рока.","null","0","0","0.5"
"32656","«Окна ТАСС»: не в бровь, а в глаз!","1611912739","okna-tass-ne-v-brov-a-v","null","Не только солдаты на передовой во время Великой Отечественной войны боролись с врагом. Коллектив московских художников и литераторов внёс свой вклад в Победу при помощи патриотических плакатов, слава о которых гремела на всю страну. Легендарные «Окна ТАСС» рассказывают историю войны языком сатиры и воссоздают атмосферу сурового времени.","null","0","0","0.5"
"32705","Образ Петербурга в искусстве художников объединения «Мир искусства»","1611912811","obraz-peterburga-v-iskusstve","null","Творчество «Мирискусников» впервые представило культуру Северной столицы как уникальное явление. Полюбуемся городом на Неве через работы художников творческого объединения.","null","1","0","0.7310585786300049"
"32675","KudaGo в Петербурге прошлого: история общественного транспорта. От омнибуса до конки","1611913205","kudago-v-peterburge-proshlogo-26-01-2021","null","KudaGo продолжает путешествовать по прошлому Петербурга и рассказывать о городской жизни до революции. Сегодня наш текст посвящён первому общественному транспорту, который появился в XIX веке. Мы разберёмся, на чём передвигались горожане до появления трамваев, и представим себя пассажирами общественной кареты, или омнибуса, и конки.","null","0","0","0.5"
"32780","10 фактов, которые помогут понять Альбрехта Дюрера","1612516927","10-faktov-kotoryie-pomogut-vam","null","Немецкий художник и гравёр Альбрехт Дюрер (1471—1528) был знаменит на всю Европу. В молодости он прославился искусством гравирования на дереве — относительно новой техникой, которая позволила широко распространять шедевры мастера. Его потрясающие работы повлияли на искусство эпохи Возрождения. Предлагаем познакомиться с жизнью и творчеством гения с помощью 10 фактов. Ещё больше интересных материалов об искусстве ищите в нашем разделе.","null","1","0","0.7310585786300049"
"32781","10 мест в Петербурге из творчества Александра Пушкина","1612517501","10-mest-v-peterburge-iz","null","7 февраля исполнилось 187 лет со дня дуэли поэта Пушкина с офицером Дантесом. Спустя три дня после ранения в 1837 году Александр Сергеевич скончался. В память об этих роковых событиях предлагаем пройти по городу и побывать в местах, которые стали декорациями для произведений поэта. Ещё больше увлекательных материалов о необычных местах нашего города ищите в спецпроекте.","null","0","0","0.5"
"32825","«В „Персоне“… я достиг своего предела»: о главном шедевре Ингмара Бергмана","1612947045","povtornyie-pokazyi-shedevra-ingmara","null","В этом году исполняется 55 лет со дня премьеры культового фильма Ингмара Бергмана «Персона», в связи с чем в городах России пройдут повторные показы киношедевра. Чёрно-белая экзистенциальная драма стала одной из важнейших в фильмографии режиссёра — как для кинокритиков, так и для него самого. Даже спустя полвека «Персона» не утратила интереса публики: поклонники шведского автора продолжают её пересматривать, а опытные синефилы ломают головы над смыслом картины. Что особенного в «Персоне» и почему, несмотря на всю камерность авторского мира режиссёра, этот интеллектуальный и философский фильм стоит посмотреть всем?","null","0","0","0.5"
"33040","Диего Веласкес: искусство в кабаке и при дворе","1614943061","diego-velaskes","null","Когда мы говорим «Золотой век испанской живописи», на ум одним из первых приходит имя Диего Веласкеса. Чем интересен его творческий почерк? Как он повлиял на последующие поколения живописцев? Об этом и не только — в нашем материале.","null","0","0","0.5"
"33044","Михаил Врубель в 10 шедеврах","1614943177","mihail-vrubel-v-10-shedevrah","null","Уникальная эстетика Михаила Врубеля, замешанная на мистицизме, чувственности и религиозной философии, завораживает и приковывает внимание более века. Предлагаем вспомнить шедевры мастера, бросающие вызов традициям классического искусства, а также времени и пространству.","null","0","1","0.5"
"33057","Наводнения, смерчи, ледяные волосы: погодные аномалии и необычные природные явления в Петербурге","1614944176","pogodnyie-anomalii-i-neobyichnyie","null","«А в Петербурге давно дождь? — С 1703-го». Шутки про погоду в северной столице и мемы о Петре I, который решил построить город на мрачном болоте среди тумана и безысходности, вряд ли потеряют актуальность. В Санкт-Петербурге действительно непростой климат (у дождей есть даже неофициальная классификация), и периодически город переживает разные погодные аномалии и природные явления, в том числе нехарактерные для этих широт. Мы попытались собрать самые крупные и необычные. Ещё больше увлекательных материалов о нашем городе ищите в спецпроекте.","null","0","0","0.5"
"33049","От Февральской революции до народных гуляний: как раньше отмечали 8 Марта?","1614944336","ot-fevralskoj-revolyutsii-do","null","Сегодня 8 Марта — любимый весенний праздник, и мало кто задумывается о его революционном смысле. А между тем именно в этот день в Петербурге произошли события, которые привели к свержению самодержавия. Предлагаем вспомнить о боевых женщинах, боровшихся за свои права, выходивших на улицы и требовавших достойного будущего для себя и своих дочерей.","null","1","1","0.6224593312018546"
"31480","Голодай и намывай: прогулка по острову Декабристов","1615283450","golodaj-i-namyivaj-progulka-po","null","Петербургский остров, на котором гораздо больше интересных мест, чем может показаться на первый взгляд.","null","0","0","0.5"
"31471","KudaGo в Петербурге прошлого: главное развлечение дореволюционного города","1615283720","kudago-v-peterburge-proshlogo-07-10-2020","null","В этой серии материалов KudaGo представляет, о чём бы мы писали в ХХ веке: где петербуржцы ужинали, развлекались и совершали покупки. Сегодня в рассылке мы расскажем об увлечении жителей дореволюционного города скетинг-рингами. Как катание по паркету на роликах пришло в город, почему так полюбилось местной публике, но быстро потеряло популярность? Погружаемся в атмосферу Петербурга начала ХХ века и делимся местами, где можно было заняться модным спортом.","null","0","0","0.5"
"31418","Пятидесятые. Музыкальные феномены десятилетия","1615288216","50s-music-west","null","В наши дни 1950-е кажутся глубокой архаикой. Тем не менее именно в это десятилетие были заложены социальные и культурные основы грядущих десятилетий. Один рок-н-ролл чего стоит! Послевоенный оптимизм, бэби-бум, бунтующая молодежь, Элвис Пресли, старт космической эры — это счастливое время мы ещё долго будем вспоминать с благодарностью!","null","1","0","0.7310585786300049"
"31273","Марк Шагал: художник, который давал людям крылья","1615288231","mark-shagal-hudozhnik-kotoryij","null","Он расписывал потолок парижской Оперы Гарнье и делал витражи для Реймсского собора, сочинял стихи и занимался сценографией, а ещё — отправлял героев своих картин в свободный полёт, чтобы те таяли в любви и свободе. Великий мечтатель и романтик, Марк Шагал прошёл длинный творческий путь непротоптанной тропой, и в этом его огромная заслуга.","null","0","0","0.5"
"31584","Гавань: прогулка по западной части Васильевского острова","1615300640","gavan-progulka-po-zapadnoj","null","Целый исторический район вырос вокруг гавани для галер, которую велел построить именно на этом месте сам Пётр I. Теперь здесь находятся морской фасад Петербурга, церковь-бассейн, одинокая башня из прошлого и другие неочевидные достопримечательности.","null","0","0","0.5"
"31445","Пятидесятые. Музыкальные феномены СССР","1615384975","50s-music-ussr","null","Возврат к мирной жизни — это и есть советские 1950-е. Страна активно включается в новое строительство, растут дети, партия развенчивает культ личности, а на горизонте — новые надежды. Популярная музыка отзывается на веяния времени композициями о труде, патриотизме и радостях молодости. Можно выдохнуть  — и именно эта эпоха породила песни, которые навсегда вошли в нашу культуру.","null","0","0","0.5"
"31322","Зинаида Серебрякова: пронзительная живопись","1615385041","zinaida-serebryakova","null","К авангардным настроениям начала XX века Зинаида Серебрякова была равнодушна, предпочитая идти собственным творческим путём с оглядкой на неоклассицизм. О её самобытном утончённом искусстве — в нашем материале.","null","0","0","0.5"
"31683","Сельский шик: прогулка по Старой и Новой Деревням","1615385288","selskij-shik-progulka-po-staroj","null","Недалеко от центра Петербурга сохранились аж две деревни — Старая и Новая. Правда, только в топонимике. Отправимся на прогулку и узнаем, есть ли что-то деревенское в этих районах, откуда здесь буддисты и куда ушла частная железная дорога.","null","0","0","0.5"
"31575","исчезнувшие музеи Петербурга","1615385385","ischeznuvshie-muzei-peterburga","null","Петербург был городом музеев даже в те годы, когда Зимний дворец служил только императорской резиденцией, а не сокровищницей мировой художественной культуры. Какие-то из старых музеев существуют и сейчас, у каких-то появились преемники, а некоторые исчезли без следа и известны разве что краеведам. Именно о последних мы поговорим в новом материале платной рассылки.","null","0","0","0.5"
"31605","Шестидесятые. Невыносимая легкость бытия","1615387240","60s-music-ussr","null","Страшные воспоминания о войне уходят в прошлое, а на авансцену, как и на Западе, в Советском Союзе выходит активная молодёжь. Это была эпоха оттепели в политической жизни и эра космических свершений, научно-технического прогресса и музыкальных прорывов. Песни СССР 60-х полны оптимизма и жизнелюбия. Они не только зовут на подвиги и воспитывают, но и изучают внутренний мир человека. И просто позволяют потанцевать!","null","1","0","0.7310585786300049"
"31765","Петербург и коты, или история о том, как кот стал символом культурной столицы","1615387597","peterburg-i-kotyi-ili-istoriya-o","null","Коты и кошки давно и прочно обосновались в сердцах людей по всей России. В миллионах домов от Владивостока до Калининграда пушистые зверьки воспринимаются как полноправные члены семьи. Но если котов так любят во всех городах нашей страны, почему же тогда они стали символом именно Петербурга?","null","0","3","0.5"
"31753","KudaGo в Петербурге прошлого: что скрывают главные торговые здания","1615387831","kudago-v-peterburge-proshlogo-31753","null","KudaGo решил представить, о чём бы мы писали в ХХ веке: где петербуржцы ужинали, куда ходили за покупками, чем занимались в выходные? Предлагаем отправиться в путешествие по прошлому города и узнать, как люди проводили свободное время. Сегодня мы расскажем о трёх центральных торговых зданиях Санкт-Петербурга: «Елисеевском» гастрономе, Доме Мертенса и Доме компании «Зингер».","null","0","0","0.5"
"31756","Густав Климт: золото на кончике кисти","1615388104","gustav-klimt-zoloto-na-konchike","null","«Поцелуй» Густава Климта — один из символов живописи модерна. В чём прелесть этой и других подчёркнуто декоративных картин австрийского мастера? Почему в его произведениях так много золота? Насколько революционным его искусство было для эпохи? Давайте разбираться.","null","0","0","0.5"
"31574","Шестидесятые. Музыкальные феномены десятилетия","1615388265","60s-music-west","null","Бурное десятилетие, «свингующие 1960-е», эпоха молодёжной революции — как только не называли этот экстраординарный период, когда гимны поколения выходили едва ли не через день. В музыке тех лет по-прежнему пылает огонь!","null","0","0","0.5"
"31777","Семидесятые. Музыкальные феномены десятилетия","1615388475","70s-west","null","В политическом смысле 70-е были чрезвычайно непростым десятилетием, но поп-музыка отзывалась на эти сложности ярко и разнообразно. На американских дискотеках зарождается диско, чёрные парни и девчонки делают популярными фанковые ритмы. В Англии и вовсе зреет настоящая музыкальная революция, когда тамошние ребята задумываются об эстетической ценности булавок, воткнутых куда попало, и дырок на штанах, а также о том, каким минимальным количеством аккордов можно обойтись, чтобы песня продолжала считаться музыкой.","null","1","0","0.7310585786300049"
"31396","Виктор Борисов-Мусатов: тоска по ушедшей эпохе","1615388579","viktor-borisov-musatov-toska-po","null","Виктор Борисов-Мусатов — художник-мечтатель, на картинах которого застыла чарующая атмосфера канувших в лету дворянских гнёзд. О том, что волновало мастера и как ему работалось на фоне бередивших страну катаклизмов, — в нашем материале.","null","0","0","0.5"
"31950","Архитектура Петербурга в деталях: кочующие памятники","1615388933","gorod-v-detalyah-kochuyuschie","null","Зачем памятники переносят с места на место? Чаще всего это связано с политикой и идеологией, куда реже — с требованиями градостроительства. В новом выпуске рассылки для влюблённых в Петербург мы поговорим о непоседливых монументах, которым можно смело сказать: «Вас тут не стояло».","null","1","0","0.7310585786300049"
"31959","Сквозные дворы Васильевского острова: как пройти и что посмотреть. Часть 2","1615389051","skvoznyie-dvoryi-vasilevskogo-12-11-2020","null","Продолжаем прогулку по центральной части Васильевского острова, проходя по его дворам. Найдём дом трудолюбивого крестьянина, богадельню для нищих французов и один из двух уцелевших деревянных особняков острова.","null","1","0","0.7310585786300049"
"31641","Нико Пиросмани: грузинский наив","1615389394","niko-pirosmani-gruzinskij-naiv","null","Его работы выставляют в Лувре и Третьяковке, с молотка они уходят за сотни тысяч долларов. Увы, слава пришла к Нико Пиросмани посмертно: он скончался в полной нищете и одиночестве. Об этом невероятном представителе наивного искусства и его неповторимом стиле — в нашем материале.","null","0","0","0.5"
"31891","Семидесятые. Главные песни десятилетия в СССР","1615389587","70s-ussr","null","Продолжаем наш цикл воспоминаний о музыкальных хитах десятилетий в СССР. Чем дальше — тем больше экспериментов, тем шире пределы допустимого. На музыкантов по-прежнему влияет цензура, но многие препоны уже можно обойти, а откровенно фрондерский материал разлетается по стране на плёнке. 1970-е — эпоха ВИА и эстрадных кумиров, которая во многом сформировала сцену настоящего момента.","null","2","0","0.8807970779778823"
"32902","Десятые. Музыкальные феномены десятилетия","1615540577","10s-west","null","Новейшая музыкальная история, от которой мы только-только свернули за новый уголок, ещё свежа у всех в памяти. Десятилетие, в которое отношения с музыкой поменялись в корне — благодаря развитию интернета и стриминговым платформам теперь практически любая музыка доступна каждому прямо в его телефоне. Радио, телевидение, музыкальные журналы, крупные лейблы — старые механизмы формирования поп-ландшафта отошли на второй план и потеряли своё влияние, новое время потребовало новых подходов, которые пришлось осваивать на ходу. Хиты теперь могут прилететь отовсюду — что-то собирает феноменальные прослушивания на Soundcloud, что-то возносят в топ YouTube, и это необязательно одни и те же песни. В общем, стало, с одной стороны, непросто, а с другой — очень, очень интересно.","null","1","0","0.7310585786300049"
"32909","Жорж Сёра: от точки к образу","1615541106","zhorzh-syora-ot-tochki-k-obrazu","null","Жоржа Сёра — французский художник, стоявший у истоков неоимпрессионизма. Об уникальном методе живописца и его взглядах на искусство — в нашем материале.","null","0","0","0.5"
"33113","Доходный дом Бака: удивительная история одного доходного здания","1615541611","dohodnyij-dom-baka-udivitelnaya","null","Туристы наслышаны о главных достопримечательностях Петербурга — Казанском соборе, Зимнем Дворце, Петропавловской крепости… За громкими именами бывает сложно разглядеть другие, не менее впечатляющие архитектурные памятники. Предлагаем свернуть с известных маршрутов и посетить один из самых красивых доходных домов Петербурга с удивительной историей и печальной судьбой — доходный дом Бака.","null","0","0","0.5"
"33132","Путеводитель по сказочной анимации Томма Мура","1615541780","putevoditel-po-skazochnoj","null","Анимационные картины ирландского режиссёра наполнены древними мифами, сказочными сюжетами, а главное — уникальной рисовкой. Чем ещё притягательны мультфильмы Мура и почему их стоит посмотреть не только детям, но и взрослым? Ищите ответы на вопросы в нашем тексте. Ещё больше увлекательных материалов про мир кино, обзоров премьер и рецензий на картины собрано у нас в разделе.","null","2","0","0.8807970779778823"
"33123","Дом Веге: дом, который построил ультрамариновый король","1615541977","dom-vege-dom-kotoryij-postroil","null","Каждый, кто хоть раз бывал в Мариинском театре или прогуливался поблизости по набережным рек и каналов, не мог не обратить внимание на громадных размеров дом. Его построили в начале XX века по заказу Роберта Георгиевича Веге — владельца ультрамаринового завода, о жизни которого до сих пор слагают легенды. Какие же тайны скрывал знаменитый дом?","null","1","2","0.5825702064623147"
"33130","Маленькая жизнь: рецензия на фильм «Земля кочевников»","1615543062","malenkaya-zhizn-retsenziya-na","null","Эскапистское роудмуви с Фрэнсис МакДорманд, победившее на Венецианском фестивале.","null","1","0","0.7310585786300049"
"32035","Аллегория «Северной эклектики»: как изменился архитектурный облик Московского проспекта с конца XVIII века?","1615547130","moskovskij-prospekt---allegoriya","null","Первая часть виртуальной экскурсии по Московскому проспекту. Узнаем, как появилась одна из крупнейших магистралей города, как застраивалась и что повлияло на её нынешний архитектурный облик.","null","0","0","0.5"
"31989","KudaGo в Петербурге прошлого: «вкусные» торговые бренды","1615547238","kudago-v-peterburge-proshlogo-16-11-2020","null","KudaGo продолжает путешествовать по прошлому города и рассказывать, как люди проводили досуг в ХХ веке. Сегодня наш текст посвящён культовым дореволюционным брендам, которые радовали горожан вкусной едой: от мяса до сладостей. Вы узнаете, кто создал первый отечественный «киндер-сюрприз», почему в городе не прижились автоматы с шоколадом и как вышло, что петербургский чай можно купить в США, но не в России.","null","0","0","0.5"
"51234","Город глазами художника Никаса Сафронова","1725877125","gorod-glazami-hudozhnika-nikasa","null","В Петропавловской крепости стартовала персональная выставка художника Никаса Сафронова под названием «Большая Любовь к Петербургу». Мы встретились с ним на её открытии и поговорили с ним о том, каким он видит Северную столицу. Вот что из этого получилось.","null","0","0","0.5"
"51320","Linkin Park: легендарная группа в цифрах","1725970954","linkin-park-v-tsifrah","null","На прошлой неделе группа Linkin Park объявила о возвращении на сцену, гастрольном туре и грядущем выпуске очередного альбома. Состав команды пополнился новыми участниками — и теперь готов к покорению новых высот!","null","2","0","0.8807970779778823"
"31702","Перфекционизм и чёрный юмор — что объединяет фильмы Стэнли Кубрика","1726009561","absolyutnyij-perfektsionizm-i","null","Стэнли Кубрик по праву считается одним из самых значимых режиссёров мирового кинематографа. Он получил признание ещё при жизни, и до сих пор его фильмы пользуются огромной популярностью. «Сияние», «Заводной апельсин», «Цельнометаллическая оболочка» — каждая из его 13 картин самобытна и не похожа на другие. Однако даже у такого многогранного автора есть чёткая методология, которая прослеживается в каждой работе. Мы решили вспомнить, что объединяет картины гениального режиссёра. Ещё больше обзоров премьер и рецензий на фильмы ищите у нас на сайте в разделе про кино.","null","3","0","0.9525741268224334"
"51362","Сладкий вкус справедливости: рецензия на фильм «Револьвер»","1726145106","retsenziya-na-film-revolver","null","Кинопрокатная компания «Про:Взгляд» регулярно приносит на российские экраны жемчужины кинематографа со всего мира. В этот раз прокатчик удивляет отборным южнокорейским кино с мрачной атмосферой и медитативным развитием сюжета. Кроме того, в главных ролях наверняка знакомые российскому зрителю лица — лауреатка Каннского кинофестиваля Чон До Ён, Чи Чхан Ук из «Большего зла» и Ли Джон Джэ из «Игры в кальмара». Какой получилась криминальная драма, читайте в нашей рецензии. Ещё больше обзоров премьер и рецензий на фильмы ищите у нас на сайте в разделе про кино.","null","0","0","0.5"
"51401","Старая (не)добрая комедия: рецензия на фильм «Ненасытные люди»","1726496880","retsenziya-na-film-nenasyitnyie","null","Потси Пончироли, режиссёр фильма «Старый Генри», пробует заигрывать со смешением жанров. Поэтому пытается вместить в один флакон чёрную комедию с отчаянной драмой. А ещё дотянуться до почерка всем известных режиссёров — например, Тарантино или братьев Коэн. Но ни того, ни другого, кажется, не получается. Однако, возможно, кого-то порадует возвращение Джозефа Гордона-Левитта на большие экраны. Каким в итоге получился фильм «Ненасытные люди», читайте в нашей рецензии. Ещё больше обзоров премьер и рецензий на фильмы ищите у нас на сайте в разделе про кино.","null","0","0","0.5"
"51419","Правила игры: рецензия на фильм «Виды доброты» Йоргоса Лантимоса","1726590847","retsenziya-na-film-vidyi-dobrotyi","null","Сейчас на больших экранах и в сети можно увидеть фильм Йоргоса Лантимоса «Виды доброты», который принёс Джесси Племонсу награду за лучшую мужскую роль на Каннском фестивале. Чем хорош новый фильм популярного режиссёра и почему он совсем не похож на «Бедных-несчастных», читайте в нашей рецензии. Ещё больше обзоров премьер и рецензий на фильмы ищите у нас на сайте в разделе про кино.","null","0","0","0.5"
"51435","Радости смерти: рецензия на фильм «Битлджус Битлджус»","1726677557","retsenziya-na-film-bitldzhus-bitldzhus","null","Спустя 35 лет после премьеры оригинального «Битлджуса» мрачный сказочник Тим Бёртон возвращается к своему фирменному стилю и ранним работам. Как итог — сиквел странноватой и скомканной истории про трикстера из загробного мира. Впрочем, не менее впечатляющий, чем первая часть. О триумфальном возвращении Бёртона и фильме-открытии Венецианского кинофестиваля читайте в нашей рецензии. Ещё больше обзоров премьер и рецензий на фильмы ищите у нас на сайте в разделе про кино.","null","0","0","0.5"
"51237","Go по работам: интерьерный фотограф о секретах отличного фото, правильной съёмке и силовых тренировках","1726834664","go-po-rabotam-interernyij","null","За каждой качественной фотографией квартиры стоит слаженная работа интерьерного фотографа с командой других специалистов. Всё для того, чтобы продемонстрировать интерьеры с лучшей стороны. Екатерина Титенко, герой рубрики Go по работам, точно знает, как добавить тысячу очков к привлекательности вашей квартиры. Она рассказала нам о тонкостях своей профессии и карьерном пути, а также поделилась историями с работы.","null","0","0","0.5"
"51394","Go по работам: кастинг-директор Татьяна Хречкова о режиссёрском видении, новых лицах в кино и будущем кастинга","1726838450","go-po-rabotam-kasting-direktor","null","В России проходит фестиваль документального кино о новой культуре Beat Weekend, на котором зрителям демонстрируют фильм Bonnie про легендарного голливудского кастинг-директора Бонни Тиммерман, открывшего миру множество известных актёров. Мы попросили актрису Полину Сидихину поговорить с кастинг-директором Татьяной Хречковой. Получилась беседа о тонкостях профессии с пожеланиями для актёров.","null","0","0","0.5"
"51471","«Жизнь одна, никто не знает, что будет завтра»: интервью с организатором вечеринки «Белая» Андреем Резниковым","1727101131","intervyu-s-organizatorami-belaya","null","В выходные пройдет масштабная вечеринка «Белая» от создателей легендарного фестиваля Sensation. Зрители побывают в целом сказочном городе, где увидят воздушных гимнастов, впечатляющую видеографику и нескольких зарубежных звезд. Перед праздником танцевальной музыки и визуального искусства Андрей Резников рассказал, чего ждать гостям «Белой».","null","0","0","0.5"
"51468","Социальный хоррор: рецензия на фильм «Холли»","1727173125","retsenziya-na-film-holli","null","До российского проката добралось неторопливое и пугающее кино бельгийки Фин Трох. Лента была показана в основном конкурсе 80-го Венецианского кинофестиваля, а затем на кинофестивале VOICES в Вологде. На большие экраны картину привезла кинопрокатная компания Arthouse, которая старается удивлять российского зрителя свежими арт-новинками. И «Холли» не исключение. Подробнее о фильме читайте в нашей рецензии. Ещё больше обзоров премьер и рецензий на фильмы ищите у нас на сайте в разделе про кино.","null","0","0","0.5"
"51503","Утопия по-русски: рецензия на сериал «Исправление и наказание»","1727184467","utopiya-po-russki-recenziya-na-serial-ispravlenie-i-nakazanie","null","С 16 сентября на телеканале ТНТ стартовал второй сезон сериала «Исправление и наказание» с Анной Михалковой в главной роли. Фанаты комедии ждали продолжения истории два года. В новых сериях курс всё также взят на любовь и юмор. Каким обещает быть развитие сериала — читайте в нашей рецензии. Ещё больше материалов ищите в разделе о кино.","null","0","0","0.5"
"51515","Фотография души: почему стоит посетить новое шоу Ленинград Центра","1727263871","fotografiya-dushi-pochemu-stoit","null","В честь 10-летия Ленинград Центра на его сцене премьера 2024 года — шоу «Коллекционер. Фотоувеличение». Это путешествие в мир фотографии, любви, красоты и силы человеческого тела, многогранности танцевального искусства. Это рассказ о том, что снимок — не просто фиксация момента из жизни, но всегда история, которая не заканчивается за щелчком затвора.","null","0","0","0.5"
"51506","Петербург Лии Арден: по следам вдохновения писательницы","1727346033","peterburg-lii-arden-po-sledam","null","В списках городов, повлиявших на творчество отечественных писателей в самые разные эпохи, Петербург определённо занимает лидирующие строчки: сложно сосчитать всех именитых авторов, чья поэзия и проза пронизана духом Северной столицы. Звезда русскоязычного фэнтези Лия Арден в их числе. Сейчас писательница живёт и работает в Южной Корее, при этом не забывая про родной для неё Санкт-Петербург и регулярно возвращаясь туда для встреч с преданными поклонниками её романов.
Мы спросили Лию, с какими достопримечательностями города на Неве у неё связаны особые воспоминания и как эти памятные локации нашли отражение на страницах её книг. Приготовьтесь открыть Петербург с новой, магической стороны.","null","0","0","0.5"
"51537","Самая провокационная выставка Петербурга «Фантазии и сны Зигмунда Фрейда»: почему стоит посетить?","1727431406","samaya-provokatsionnaya-vyistavka","null","Интерактивная выставка для взрослых, наполненная идеями и гипотезами известного психоаналитика, интерпретациями и инсценировками откровенных снов и документальных кадров из жизни Зигмунда Фрейда. Всё это художники и организаторы собрали в одном месте для того, чтобы каждый мог погрузиться в мир искушений и своих фантазий. Рассказываем, что уникального вас ждёт на экспозиции.","null","0","0","0.5"
"51290","Go по работам: юрист по интеллектуальной собственности про народные представления о профессии, молодую музыкальную индустрию и Гарри Поттера","1727437016","go-po-rabotam-yurist-po","null","Как бы вы ни представляли себе профессию юриста по интеллектуальной собственности, после прочтения интервью с Вадимом Хохловым вы поменяете мнение об этой сфере. Вадим работает с такими артистами, как Zoloto, ATL, GONE.Fludd, SODA LUV, BUSHIDO ZHO.  Он рассказал нам для Go по работам, почему мир гораздо лучше спора, как быть котом Леопольдом в шоу-индустрии и почему его работа — это коммуникация и нетворкинг.","null","0","0","0.5"
"51523","Племя изгоев: рецензия на фильм «Граф Монте-Кристо»","1727444480","recenziya-na-film-graf-monte-kristo-2024","null","На экранах кинотеатров можно увидеть «Графа Монте-Кристо» — новую зрелищную экранизацию романа Александра Дюма. Французские кинематографисты превратили классический текст в современный блокбастер. Подробнее о фильме читайте в нашей рецензии. Ещё больше обзоров премьер и рецензий на фильмы ищите у нас на сайте в разделе про кино.","null","1","1","0.6224593312018546"
"51557","Специальную серию «Подорожников» посвятят Дню пожилого человека","1727688561","spetsialnuyu-seriyu-podorozhnikov","null","Тираж карт ограничен.","null","0","0","0.5"
"51558","В петербургских отделениях «Ночлежки» ввели женский день для посещения душевых","1727688702","v-peterburgskih-otdeleniyah","null","Пункты принимают только клиенток каждый четверг.","null","0","0","0.5"
"51560","80-летняя кореянка может стать старейшей участницей конкурса «Мисс Вселенная»","1727697596","80-letnyaya-koreyanka-mozhet-stat","null","Она прошла в финал национального этапа.","null","0","0","0.5"
"51561","Активисты вновь облили супом «Подсолнухи» Ван Гога","1727700711","aktivistyi-vnov-oblili-supom","null","В этот день их «коллег» наказали за такую же акцию двухлетней давности.","null","0","0","0.5"
"51562","Журналы, где впервые опубликовали главы «Белой гвардии», продали на аукционе за 850 000 рублей","1727701970","zhurnalyi-gde-vpervyie","null","Выпуски датированы 1925 годом.","null","0","0","0.5"
"51564","Материнский капитал могут увеличить в следующем году","1727709114","materinskij-kapital-mogut","null","Траты на детей растут из-за инфляции.","null","0","0","0.5"
"51570","Россия попала в тройку лидеров по уровню близорукости детей и подростков","1727771789","rossiya-popala-v-trojku-liderov","null","От миопии страдает 46% молодого населения страны.","null","0","0","0.5"
"51571","«Ночлежка» собирает зонтики и дождевики","1727774188","nochlezhka-sobiraet-zontiki-i","null","Нужно успеть помочь подопечным до начала затяжных ливней.","null","0","0","0.5"
"51572","Лили-Роуз Депп мучают кошмары в ещё одном трейлере «Носферату»","1727775663","lili-rouz-depp-muchayut-koshmaryi-v","null","Романтичный ужастик выйдет в мировой прокат в декабре.","null","0","0","0.5"
"51574","Пользователи ВКонтакте могут научиться грамотному общению с глухими и слабослышащими людьми","1727782565","polzovateli-vkontakte-mogut","null","Соцсеть научит общаться на жестовом языке.","null","0","0","0.5"
"51563","Кровавое боди: рецензия на фильм «Субстанция»","1727789838","recenziya-na-film-substanciya","null","До российского проката добралась «Субстанция» — боди-хоррор, получивший на Каннском фестивале приз за лучший сценарий. Каким получился обласканный критиками кровавый аттракцион об одержимости красотой и молодостью читайте в нашей рецензии. Ещё больше обзоров премьер и рецензий на фильмы ищите у нас на сайте в разделе про кино.","null","0","0","0.5"
"51577","Ботанический сад приглашает на выставку бегоний и фестиваль клёна","1727793594","vystavku-begonij-i-festival-klyona-v-botsadu","null","Активности скрасят первые октябрьские выходные.","null","0","0","0.5"
"51578","Вандалы повредили лапу грифона на Банковском мосту","1727793807","vandalyi-povredili-lapu-grifona","null","На помощь знаменитым львам пришли горожане.","null","0","0","0.5"
"51579","В петербургском лицее нашли послания от учеников из XIX века","1727796016","v-peterburgskom-litsee-nashli","null","Мальчишки выцарапали на стенах автографы.","null","0","0","0.5"
"51580","Вышел трейлер документального фильма «Элтон Джон: Никогда не поздно»","1727796507","trejler-dokumentalnogo-filma-pro-eltona-dzhona","null","Музыкант вспоминает о счастливых и горьких минутах своего прошлого.","null","0","0","0.5"
"51581","В Италии нашли подлинную картину Пикассо, хранившуюся в подвале","1727801393","v-italii-nashli-podlinnuyu-kartinu","null","Жена владельца ненавидела экстравагантный портрет.","null","0","0","0.5"
"51566","«Театр – это всегда про прививку»: интервью режиссёра спектакля «Жертвоприношение» Галины Зальцман","1727855758","intervyu-teatr-galina-zaltsman","null","В интервью специально для KudaGo режиссёр Галина Зальцман рассказывает о своей новой работе — постановке «Жертвоприношение», основанной на фильме Андрея Тарковского.","null","0","0","0.5"
"51583","Из зоопарков в Ярославле и Калуге пропали кенгурята","1727859203","iz-zooparkov-v-yaroslavle-i","null","Подозреваемого ищут по фотороботу.","null","0","0","0.5"
"51585","Сёстры Фэннинг работают над экранизацией мемуаров Пэрис Хилтон","1727864214","syostryi-fenning-rabotayut-nad","null","Об этом рассказала старшая из сестёр — Дакота.","null","0","0","0.5"
"51587","Реставраторы рассказали, что сделают с памятником Ленину на Московской площади","1727869283","restavratoryi-rasskazali-chto","null","Статую уже окружили лесами.","null","0","0","0.5"
"51588","В Шушарах появится новый сквер","1727870204","v-shusharah-poyavitsya-novyij-skver","null","Место для него выбрали на Вишерской улице.","null","0","0","0.5"
"51589","Повара опробуют классические советские рецепты в новом шоу","1727878742","povara-oprobuyut-klassicheskie","null","Зрители вспомнят, что такое вкус детства.","null","0","0","0.5"
"51590","«Игра в кальмара» снова набирает участников в тизере второго сезона","1727878859","igra-v-kalmara-snova-nabiraet","null","Несчастные ведутся на ту же ловушку.","null","0","0","0.5"
"51591","Статуи быков с территории мясокомбината на Московском шоссе отреставрируют до конца года","1727879105","statui-byikov-s-territorii","null","Их могут переместить к парадному входу.","null","0","0","0.5"
"51592","Вышел трейлер байопика «Быть лучше: История Робби Уильямса»","1727881791","trejler-filma-pro-robbi-uilyamsa","null","В роли певца — трёхмерная сгенерированная обезьяна.","null","0","0","0.5"
"51593","Опубликован трейлер документалки о творчестве композитора Джона Уильямса","1727883528","trejler-dokumentalki-o-dzhone-uilyamse","null","Он оживил своей музыкой множество культовых фильмов.","null","0","0","0.5"
"51594","На Камчатке группу косаток выбросило на мель","1727884726","na-kamchatke-gruppu-kosatok","null","За их жизнь боролись спасатели и волонтёры.","null","0","0","0.5"
"51596","Подозреваемого в похищении кенгурят из зоопарков задержали","1727942907","podozrevaemogo-v-pohischenii","null","Вор-рецидивист отличается маленьким ростом.","null","0","0","0.5"
"51597","По мультсериалу «Ох уж эти детки!» снимут фильм","1727946906","po-multserialu-oh-uzh-eti","null","Он будет гибридом живых съёмок и графики.","null","0","0","0.5"
"51289","В Питере — строить бизнес. История агентства MUSICTOTHE","1727950665","v-pitere---stroit-biznes-musictothe","null","В нашей рубрике о предпринимателях мы делимся с вами историями вдохновляющих людей, которые меняют наш мир к лучшему. Сегодня мы расскажем вам о Семёне Иоффе, создавшем агентство MUSICTOTHE, которое ответственно за ваши впечатления. Семён поделился с нами критериями отличного концерта, рассказал, что происходит за кулисами во время мероприятия и почему впечатления, полученные на концертах, нельзя ни с чем сравнить.","null","0","0","0.5"
"51598","Опубликован трейлер фильма «Джой» об изобретении ЭКО","1727952625","trejler-filma-dzhoj-ob-izobretenii-eko","null","Лента основана на реальных событиях.","null","0","0","0.5"
"51601","В Сосновом бору заканчивается благоустройство парка на берегу Коваши","1727960769","v-sosnovom-boru-zakanchivaetsya","null","Он превратился в уютное пространство с уголками для отдыха.","null","0","0","0.5"
"51602","На пяти особо охраняемых территориях Ленобласти снизили цены на билеты","1727965189","na-pyati-osobo-ohranyaemyih","null","Особый тариф будет действовать осенью и зимой.","null","0","0","0.5"
"17774","«Времена — они меняются»: 10 цитат Боба Дилана","1477314406","times-changing-10-best-bob-dylan452","null","Решение Нобелевского комитета, присудившему американскому певцу премию по литературе Бобу Дилану, удивило многих. Вдохновившись этой новостью, редакция KudaGo вспомнила главные песни Дилана и сделала к ним иллюстрации!","null","5","0","0.9933071490757153"
"19903","Как поднять себе настроение? 6 классных рецептов от IOWA!","1499860450","kak-podnyat-sebe-nastroenie-6","null","Катя Иванчикова (она же — IOWA) делится с нами рецептами хорошего настроения. Улыбаемся и записываем в поваренную книга оптимиста!","null","1","0","0.7310585786300049"
"20211","Нарисованы бульвары, реки и мосты: Петербург глазами иллюстраторов","1502466734","peterburg-glazami-illustratorov","null","В заголовок недаром вкралась строчка из песни группы «Браво»: говорить о любимом Петербурге будничным тоном как-то не получается, поэтому вот уже три столетия влюблённые в «Лучший город на Земле» посвящают ему музыку, пишут о нём стихи, снимают на плёнку и, конечно, рисуют. Сегодня расскажем об очень разных иллюстраторах, каждый из которых сумел ухватить в современном городском пейзаже то самое, узнаваемо-петербургское, и передать это на бумаге.","null","2","0","0.8807970779778823"
"20857","Тест по миру «Гарри Поттера»: Только 100%-ный фанат ответит на все вопросы","1507034282","test-tolko-100-fanat-garri","null","Чтобы пройти этот тест, нужно быть фанатом до мозга костей. Прочитать книги, посмотреть все фильмы, не по одному разу пройти игры и провести бесчисленное количество часов, читая фанфики и статьи на фандоме. Докажите, что разбираетесь в теме. И пройдите другие тесты от KudaGo.","null","20","0","0.9999999979388463"
"20903","Йозеф ван Виссем: Могу играть весело, могу грустно. Мне хватает","1507207986","jozef-van-vissem-interview","null","С лютнистом Йозефом ван Виссемом весь мир познакомился в 2013-м году, когда записанный с его участием саундтрек к фильму Джима Джармуша «Выживут только любовники» был признан лучшей звуковой дорожкой кинофестиваля в Каннах. Меж тем, к тому времени этот голландец и бывший панк-рокер, перебравшийся в Нью-Йорк в начале нового века, занимался «освобождением» лютни, инструмента, прочно ассоциирующегося со средневековьем, примерно с начала нулевых. Корреспондент KudaGo поговорил с музыкантом о тонкостях изготовления лютни, о связи времён — и о том, почему он больше никогда не запишет ни одного саундтрека для кино.","null","2","0","0.8807970779778823"
"20986","Тест о злодеях из Гарри Поттера: справится только тот, кто болел за плохих","1507802197","test-o-zlodeyah-iz-garri-pottera","null","Тёмная сторона манит. Запустить в воздух Чёрную метку, зайти в Запретный лес, познакомиться с могущественными тёмными волшебниками, применить хотя бы одно непростительное заклятие… Проверьте, найдётся ли вам место в армии Волан-де-Морта.","null","7","9","0.6681877721681662"
"21261","Криста Белл: Куда расти после «Твин Пикс»?","1509632029","chrysta-bell-interview","null","KudaGo связался с певицей, чтобы поговорить о её музыке и о Дэвиде Линче.","null","1","0","0.7310585786300049"
"21417","Николай Соболев: Приходится работать, чтобы поддерживать свою популярность","1510922628","nikolaj-sobolev-prihoditsya","null","Популярный блогер рассказал KudaGo, где в Петербурге набраться вдохновения и чем приходится жертвовать в битве за лайки.","null","0","0","0.5"
"21846","Тест: какая из реальностей Кристофера Нолана вам ближе?","1513776098","kakaya-iz-realnostej-kristofera","null","В каждой картине Кристофера Нолана привычный мир преломляется под новым, неожиданным углом. Герои этих реальностей подчёркнуто самобытны, но всем им приходится отвечать на вечные вопросы и разбираться с внутренними противоречиями. KudaGo подготовил небольшой тест для того, чтобы определить киновселенную, которая будет вам по душе. Ещё больше обзоров премьер и рецензий на фильмы ищите у нас на сайте в разделе про кино.","null","2","0","0.8807970779778823"
"22258","Психофизика vs Романтика: стоит ли верить в любовь?","1516979113","psihofizika-vs-romantika-stoit","null","Кто-то свято верит, что каждому человеку судьбой дарована вторая половина, другие ищут корни привязанностей в опыте прошлых жизней, третьи же и вовсе отрицают высокие мотивы, считая влюблённых жертвами гормонов. Сегодня будем разбираться в голой правде о любви, готовьтесь удивляться.","null","3","0","0.9525741268224334"
"22435","Самая театральная квартира Петербурга","1518594992","samaya-teatralnaya-kvartira","null","Фонд поддержки арт-инноваций «Альма Матер» нашёл квартиру неизвестного обэриута на набережной Мойки и открыл там новую театральную площадку. Пока в репертуаре два спектакля: «НеДетские разговоры» по стихам Хармса и Введенского и «Разговоры» по одноимённой книжке обэриута Липавского. В планах — музыкальный спектакль, возрождение квартирников и большая образовательная программа.","null","4","0","0.9820137900379085"
"22645","Юрий Смекалов: Моя задача — помочь классическому балету и современному танцу научиться уважать друг друга","1519738809","yurij-smekalov-interview","null","Создатель «Соляриса» — хореограф Юрий Смекалов, известный по работам в Большом и Мариинском театрах, рассказал KudaGo о том, сложно ли артистам академического балета заниматься концептуальной хореографией и о том, каким будет современный танец в недалеком будущем.","null","1","1","0.6224593312018546"
"23215","Мистический Петербург","1524125562","misticheskij-peterburg","null","Мистика Петербурга — важная часть городской культуры. И если некоторые тайны и страшилки имеют исторические корни, то другие появились благодаря буйной фантазии охотников за привидениями. KudaGo вместе с кандидатом исторических наук Юрием Нежинским решили поиграть в разрушителей легенд и разузнать всё о самых популярных мифах города на Неве.","null","10","0","0.9999546021312976"
"24402","5 неудобных вопросов к современному танцу","1533899063","five-questions-to-contemp","null","Если в современном драматическом театре на спектакле ещё кое-как можно сориентироваться, потому что актёры периодически что-то говорят, то с современным танцем совсем беда. Он бесконечно далёк от наших детских воспоминаний о балете, где балерины в пачках танцуют на фоне огромного живописного задника. Ни задников тебе, ни балерин. Только странный набор движений, полное отсутствие какой-либо логики и ощущение собственной ничтожности, потому что кажется: все вокруг понимают, а ты нет. Что делать? Как заставить себя смотреть на современный танец и действительно получать от этого удовольствие? Как разобраться в том, что происходит на сцене? И как, наконец, понять, где действительно хороший спектакль, а где люди просто самозабвенно вытирают телами пол под музыку?","null","13","0","0.999997739675702"
"24382","Как перестать бояться оперы и начать в неё ходить","1533910931","how-to-love-opera","null","Не стоит думать, что опера подходит только завзятым меломанам, которые готовы часами внимать, как тучные люди в пышных костюмах громко и неразборчиво поют, стоя в неподвижных позах. В сегодняшнем оперном театре есть не только что послушать, но и на что посмотреть, и о чем задуматься.","null","8","0","0.9996646498695336"
"25942","От нуля до пяти: где искать спектакли для самых маленьких зрителей","1548166237","baby-theater","null","Считается, что вести ребенка в театр имеет смысл лет с трёх, и то на свой страх и риск. Но есть и такие спектакли, на которые можно смело отправляться даже с теми, кому ещё нет и года. Такие постановки называются baby-театром.","null","2","0","0.8807970779778823"
"27154","Лампа, деньги, арабская ночь: рецензия на фильм Гая Ричи «Аладдин»","1558950554","lampa-dengi-arabskaya-noch","null","Бодрая киноадаптация культовой сказки Disney от автора фильмов «Карты, деньги, два ствола» и «Большой куш». Ещё больше обзоров премьер и рецензий на фильмы ищите у нас на сайте в разделе про кино.","null","1","1","0.6224593312018546"
"27580","Как я провёл лето: рецензия на фильм «Человек-паук: Вдали от дома»","1562581954","kak-ya-provel-leto-retsenziya-na","null","Молодёжная комедия Disney о европейских каникулах супергероя.","null","2","0","0.8807970779778823"
"27596","Никого не будет в доме: рецензия на фильм «Паразиты»","1562699766","nikogo-ne-budet-v-dome-retsenziya","null","Социальная драма о классовом неравенстве, которая получила главный приз в Каннах-2019.","null","5","0","0.9933071490757153"
"27656","Выживет только кофе: рецензия на фильм «Мёртвые не умирают»","1563286655","retsenziya-na-film-myortvyie-ne","null","Чёрная комедия Джима Джармуша, зарифмовавшая общество потребления и зомби-апокалипсис","null","2","0","0.8807970779778823"
"27869","Трое в L.A., не считая собаки: рецензия на фильм «Однажды в… Голливуде»","1565601530","helter-skelter-po-gollivudski","null","9-й фильм Квентина Тарантино о Лос-Анджелесе конца 60-х — прекрасном, пугающем, удивительном.","null","7","0","0.9990889488055994"
"27910","фуд-холл CITY FOOD: центр притяжения вкусов","1565865595","fudholl-city-food-tsentr","null","Центр притяжения вкусов — самое ёмкое и точное описание нового пространства на четвёртом этаже «Сити Молла». И дело не только в гастрономическом разнообразии, но и в тех идеях, что заложены в проект. Это место, созданное людьми и для людей с самыми разными запросами.","null","13","0","0.999997739675702"
"27940","Знаковые места Петербурга: до и после реконструкции","1566314584","znakovyie-mesta-peterburga-do-i","null","Всё течёт, всё меняется. И хоть в Петербурге очень ревностно оберегают привычные городские пейзажи, временами без вмешательства не обойтись. Рассказываем, как изменились известные места Северной столицы после реконструкции.","null","3","0","0.9525741268224334"
"28462","Петербуржцы создали сайт-путеводитель по Васильевскому острову","1570623187","peterburzhtsyi-sozdali-sajt-","null","В него вошли малоизвестные достопримечательности, среди которых «парадная сатаны» и дом на курьих ножках.","null","2","0","0.8807970779778823"
"28469","Мальчишник в Готэме или постчеловеческая комедия: рецензия на фильм «Джокер»","1570692039","malchishnik-v-goteme-ili","null","Безупречно стильная и умная драма о самом харизматичном злодее комиксов, получившая «Золотого льва». Ещё больше обзоров премьер и рецензий на фильмы ищите у нас на сайте в разделе про кино.","null","3","0","0.9525741268224334"
"29130","Драмы больше нет: рецензия на фильм «Полицейский с Рублёвки 2. Новогодний беспредел»","1576488998","dramyi-bolshe-net-retsenziya-na","null","Сиквел комедии на основе сериала «ТНТ» с Сергеем Буруновым.","null","2","0","0.8807970779778823"
"29464","Тогда и сейчас: Ленинград в блокаду и Санкт-Петербург в наши дни","1579879096","peterburg-leningrad-v-blokadu-i","null","О блокаде мы знаем из фильмов, книг и рассказов старших родственников, которые помогают немного оживить историю, сделать её ближе и понятнее. Фотографии работают так же. KudaGo предлагает посмотреть на знаковые места города и сравнить их облик в военное время и современные годы.","null","0","0","0.5"
"29671","Не надо стесняться: рецензия на фильм «Лёд 2»","1581674988","ne-nado-stesnyatsya-retsenziya-na","null","Задушевное продолжение популярной музыкальной мелодрамы, снятое Жорой Крыжовниковым.","null","3","0","0.9525741268224334"
"29704","Мэттью, у нас труп! Возможно, криминал: рецензия на «Джентльменов» Гая Ричи","1581952882","vechno-molodaya-shpana-v-konoplyanyih","null","Эффектное возвращение британского мастера криминальной комедии Гая Ричи в родную среду обитания, где обаятельные гангстеры рассказывают истории, шутят, пьют виски и иногда стреляют друг в друга.","null","2","0","0.8807970779778823"
"29777","В большом городе: как помогать людям на улицах?","1582817950","v-bolshom-gorode-kak-pomogat","null","Мало сделать доброе дело — надо ещё совершить его правильно. Чтобы от этого не стало только хуже, стоит запомнить несколько несложных правил. Или всегда носите этот текст под рукой, если хотите грамотно помогать тем, кому это необходимо. Ещё больше полезных материалов о добрых делах ищите в нашем спецпроекте.","null","1","0","0.7310585786300049"
"29826","Почему важно убирать за собакой?","1583828698","pochemu-vazhno-ubirat-za-sobakoj","null","Несколько лет назад весь мир облетела фотография, на которой шведская принцесса Мадлен убирает за своей собакой на улице в Нью-Йорке. В России это тогда восприняли как нечто удивительное. Конечно, за несколько лет мы немного освоились с правилами цивилизованного выгула, но остаётся много вопросов. Что же такого вредного в собачьих фекалиях и чем они опасны лично для меня и моего питомца? Редакция KudaGo вместе с экспертами расставляет все точки. Ещё больше полезной информации про добрые дела ищите у нас в спецпроекте.","null","1","1","0.6224593312018546"
"29950","Как эффективно работать из дома?","1584707435","kak-effektivno-rabotat-iz-doma","null","Не нужно просыпаться рано утром, толкаться в метро и сидеть целый день в офисе, считая минуты до конца рабочего дня. Удалённая работа  — это комфортная обстановка, гибкий график и новая напасть  — прокрастинация.  KudaGo подготовил для вас список советов, которые сделают ваш домашний рабочий день эффективнее. Ещё и на прогулки и посиделки с друзьями время останется.","null","1","0","0.7310585786300049"
"30386","Исчезнувшие парки Петербурга","1588940331","ischeznuvshie-parki-peterburga","null","KudaGo предлагает вам представить себя петербуржцами начала ХХ века и прогуляться по трём исчезнувшим городским паркам: Павловскому вокзалу, «Аквариуму» и Луна-парку.","null","4","0","0.9820137900379085"
"30384","Летний Петербург: каким был дачный отдых петербуржцев сто лет назад","1588942346","letnij-peterburg-dachnii-otdih-v-20-vere","null","Свежая трава, первое тёплое солнце и показавшиеся на ветках листья каждый год зовут нас как можно скорее сбежать за город. История говорит, что это давняя традиция. KudaGo рассказывает о дачном быте петербуржцев XIX―начала XX веков.","null","5","5","0.6970592839654074"
"30499","Исчезнувший город: необычное прошлое площадей Петербурга","1590567162","ischeznuvshij-gorod-neobyichnoe","null","Команда KudaGo поздравляет читателей с 317-летием города и в честь праздника бесплатно дарит вам новый материал нашей премиальной рассылки для любопытных и пытливых горожан «Влюблённым в Питер». В нём мы вспомним бурную историю пяти петербургских площадей. Где находился «дворец пьяноблудия»? Почему по вечерам Александро-Невскую лавру обходили стороной? Какому памятнику больше всех досталось от большевиков? Расскажем прямо сейчас.","null","1","1","0.6224593312018546"
"30551","Импрессионизм: «близорукое» искусство","1591349900","impressionizm-blizorukoe","null","Чтобы вы смогли больше узнать о революционном течении и его ключевых представителях, мы подготовили специальный материал.","null","0","1","0.5"
"30543","Пешком по Виертотие: виртуальная экскурсия по главной улице Зеленогорска начала XX века","1591880756","peshkom-po-viertotie-virtualnaya","null","Отправляемся на прогулку по историческим местам Зеленогорска и рассматриваем архивные фотографии вместе с порталом «Зеленогорск СПб: История и современность».","null","0","0","0.5"
"30585","Архитектура в деталях: что скрывают дворы Петербурга","1591880954","arhitektura-v-detalyah-chto","null","Петербург носит звание неофициальной столицы российских дворов: фотографиями отсюда можно проиллюстрировать энциклопедию не только фирменных колодцев, но и проходных, парадных и подвесных дворов. В новом архитектурном ликбезе мы познакомимся с видами местных дворов, их историей и ролью в городской среде. Ещё больше увлекательных материалов о необычной архитектуре нашего города ищите в спецпроекте.","null","7","1","0.9706877692486436"
"30627","Остатки былой роскоши: самые интересные исторические витражи Васильевского острова","1592482083","ostatki-byiloj-roskoshi-samyie","null","Исторические здания в Петербурге, построенные до 1917 года, сегодня ещё не редкость. Однако зачастую в таких домах без существенных изменений сохранились только планировка и отдельный декор. За годы советской власти и в наши дни новые хозяева изменили внутреннее убранство под свои нужды и удобства. Тем интереснее изучать уцелевшую лепнину, рассматривать витиеватые чугунные перила и следить за игрой света в сохранившихся витражах. Последних остаётся в городе всё меньше: они рассыпаются от старости без должного ухода, их закрашивают или меняют на безликие пластиковые окна. Поэтому важно беречь и хранить как исторический артефакт то, что осталось.","null","1","0","0.7310585786300049"
"30658","Невоплощённый Амстердам: 5 рек и каналов, исчезнувших из Петербурга","1593090165","nevoploschyonnyij-amsterdam-5-rek-i","null","Что Пётр Первый спрятал на берегах Таракановки? Кто помешал императору превратить наш город в Амстердам? Как путающий туристов Введенский канал превратили в улицу? Почему в городе избавились от самого длинного водоёма, а от самого значимого канала оставили лишь табличку? Отвечаем на эти вопросы и гуляем по Петербургу прошлого!","null","1","0","0.7310585786300049"
"30671","Провинциальный Петербург: прогулка по местам исторического района Коломна","1593700295","provintsialnyij-peterburg","null","Здесь нет метро, мало людей на улицах, а во дворах исторических доходных домов тихо. Коломна — один из самых старых районов города, сохранивший уникальную застройку позапрошлого века, — не пользуется популярностью у туристов. Возможно, из-за относительной транспортной недоступности, а может быть, из-за некоторой провинциальности, отсутствия дворцов и парадных подъездов. Ещё больше увлекательных материалов о необычных местах нашего города ищите в спецпроекте.","null","6","4","0.7685247834990175"
"31128","Почему стоит идти на новый фильм Кристофера Нолана «Довод»","1599036497","pochemu-stoit-idti-na-novyij-film","null","После долгого кинозатишья с начала пандемии в России наконец-то выходит первый большой фильм: англо-американская картина «Довод» режисcёра Кристофера Нолана. Очередная загадка с многослойным сюжетом от мастера интеллектуальных боевиков уже получила от многих критиков статус лучшего фильма режиссёра. Что же делает картины Нолана такими особенными и почему стоит обязательно сходить на «Довод» в кино?","null","2","0","0.8807970779778823"
"31123","Константин Сомов: буффонада Серебряного века","1599134113","konstantin-somov-buffonada","null","Константин Сомов — феномен в искусстве второй половины XIX — начала XX веков: не ограничиваясь жанрами и стилями, он легко вальсировал от вполне реалистичных портретов к импрессионистским композициям, а оттуда — к детально проработанным куртуазным сценкам и иллюстрациям эротического содержания. Но наиболее интересными нам кажутся его опыты в области книжной иллюстрации и жанровой живописи. Именно этим сторонам творчества мастера посвящён наш материал.","null","0","0","0.5"
"31136","KudaGo в Петербурге прошлого: история трёх городских рынков","1599139767","kudago-v-peterburge-proshlogo","null","В новой серии материалов KudaGo представляет, о чём бы мы писали в ХХ веке. В предыдущих текстах мы рассказывали, где ужинали горожане в дореволюционном Петербурге и Ленинграде. Теперь мы выясним, куда они ходили за покупками. Сегодня героями рассылки станут самые известные петербургские рынки: Сытный, Андреевский (Василеостровский) и Апраксин.","null","0","0","0.5"
"31201","Новый взгляд на старые истории: Как и зачем Disney делает киноремейки своих мультфильмов?","1599648960","novyij-vzglyad-na-staryie-istorii","null","Последние несколько лет мы всё чаще наблюдаем в прокате ремейки старых мультфильмов от Disney. Причем сняты они уже не как анимационные картины, а как полноценные игровые фильмы. «Аладдин», «Король лев», «Дамбо» – и это список только за 2019 год. Ещё больше ремейков ждёт нас в будущем: уже анонсированы такие фильмы, как «Меч в камне», «Круэлла», «Питер Пэн», а с 10 сентября зрители смогут увидеть первый послекарантинный фильм студии – «Мулан». Почему Дисней вдруг взялись за масштабное производство ремейков и каким принципам следует одна из самых больших кинокорпораций мира при перезапуске собственных проектов?","null","0","0","0.5"
"31325","Якоб Йорданс: пышнотелое искусство","1601644554","yakob-jordans-pyishnoteloe","null","Наряду с Антонисом ван Дейком и Питером Паулем Рубенсом Якоб Йорданс входит в число знаковых мастеров фламандского барокко. С Рубенсом его, кстати, частенько путают. О том, в чём особенность творчества художника и как отличать его картины от произведений коллег по барокко, — в нашем материале.","null","0","0","0.5"
"31536","Как устроены волшебные миры Хаяо Миядзаки","1602591246","po-volshebnyim-miram-hayao-miyadzaki","null","Анимация Хаяо Миядзаки покорила весь мир и уже несколько лет остаётся лучшей в своём жанре. Что делает картины автора такими особенными среди мультипликационных фильмов не только Японии, но и всего мира, и почему спустя десятилетия зрители всех возрастов продолжают наслаждаться их просмотром? Разбираемся в творческом стиле великого аниматора в нашем материале. Ещё больше увлекательных материалов про мир кино, обзоров премьер и рецензий на картины ищите у нас в разделе.","null","2","0","0.8807970779778823"
"31759","KudaGo в Петербурге прошлого: какими были фестивали до революции?","1604651360","kudago-v-peterburge-proshlogo-28-10-2020","null","Продолжаем серию материалов о развлечениях и интересных местах дореволюционного Петербурга, о которых мы могли бы писать в начале прошлого столетия. Сегодня расскажем, как проводили время горожане, когда ещё не придумали VK Fest и «Интеллигентную барахолку».","null","0","0","0.5"
"31875","Сквозные дворы Васильевского острова: как пройти и что посмотреть. Часть 1","1604651890","skvoznyie-dvoryi-vasilevskogo","null","Пересекаем центральную часть Васильевского острова по проходным дворам, любуемся доходными домами и историческими зданиями, исследуем необычные достопримечательности. Ещё больше увлекательных материалов о необычных местах нашего города ищите в спецпроекте.","null","4","1","0.8807970779778823"
"31650","Сергей Виноградов: русский импрессионизм","1607078583","sergej-vinogradov-russkij","null","Наряду с Константином Коровиным, Абрамом Архиповым, Игорем Грабарем, Константином Юоном и ещё несколькими мастерами Сергей Виноградов составляет плеяду русских импрессионистов. О том, что интересовало художника и какие темы превалировали в его творчестве, — в нашем материале.","null","0","0","0.5"
"32127","Невский в деталях: 10 зданий, декор которых вы вряд ли замечали","1615558351","nevskij-v-detalyah-10-zdanij","null","Будем откровенны —  Невский проспект прекрасен, но находиться на нём долго достаточно тяжело, особенно в разгар туристического сезона. Гуляющие и вечно спешащие горожане либо недовольно забурчат на зазевавшихся, либо вовсе не дадут остановиться. А ведь там есть чем полюбоваться! Пройдём мимо 10 домов на Невском, декор которых заслуживает вашего пристального внимания.","null","1","0","0.7310585786300049"
"32118","путеводитель по модному Петербургу начала XX века","1615558437","putevoditel-po-modnomu","null","Предположим, вы женщина и вам нужно принарядиться, а на дворе начало XX века. Никакой «Зары» нет и в помине, крупных торговых комплексов наподобие «Галереи» тоже ещё не придумали, к мастеру на шеллак не записаться. Что же делать? В этом тексте раскрываем явки, пароли и адреса петербургских красавиц, живших больше столетия назад.","null","0","0","0.5"
"31470","Артемизия Джентилески: живопись и феминизм в XVII веке","1615558605","artemiziya-dzhentileski","null","Артемизия Джентилески своим примером доказала, что не существует ничего невозможного: живя на заре XVII века, она сумела сделать себе имя в художественном мире, которым правили мужчины. О том, как ей это удалось и чем ценны её картины, — в нашем материале.","null","0","1","0.5"
"31934","Восьмидесятые. Музыкальные феномены десятилетия","1615558686","80s-west","null","Восьмидесятые — десятилетие поп-суперзвёзд, обтягивающих шмоток и красочной поверхностности. За ярким фасадом происходило немало интересных процессов.","null","1","0","0.7310585786300049"
"32199","Аллегория «Северной эклектики»: как изменился архитектурный облик Московского проспекта с приходом власти Советов?","1615559956","allegoriya-severnoj-eklektiki","null","Вторая часть виртуальной экскурсии по Московскому проспекту. Пешее приключение с детальным изучением архитектуры одной из крупнейших магистралей Санкт-Петербурга. С первой частью можно ознакомиться тут.","null","0","0","0.5"
"32188","KudaGo в Петербурге прошлого: дореволюционная кухня","1615559958","kudago-v-peterburge-proshlogo-02-12-2020","null","KudaGo продолжает путешествовать по прошлому города и рассказывать о развлечениях, торговле и еде до революции. Сегодня наш текст посвящён петербургской кухне: мы погрузимся в историю городской еды, узнаем о её особенностях и рассмотрим традиционные блюда. Предупреждаем, читать лучше на сытый желудок! Ещё больше увлекательных материалов о необычном прошлом нашего города ищите в спецпроекте.","null","4","0","0.9820137900379085"
"32280","Дома Петербурга, снимавшиеся в кино","1615563615","doma-peterburga-snimavshiesya-v","null","Петербург — почти идеальная съёмочная площадка для самых разных фильмов. Он подходит для романтичных лент о музыке и любви, и для стимпанк-картин, и даже Москвой может прикинуться, если правильно выбрать место. Погуляем по городу и поищем дома и улицы, которые засветились в советских и современных фильмах.","null","1","0","0.7310585786300049"
"31757","Уильям Тёрнер: повелитель стихий","1615563720","uilyam-tyorner-povelitel-stihij","null","Уильям Тёрнер — известный британский мастер романтического пейзажа, творчество которого предвосхитило импрессионизм. О том, что новаторского было в его живописи и где он черпал вдохновение, — в нашем материале.","null","0","0","0.5"
"32203","Девяностые. Музыкальные феномены десятилетия в российской музыке","1615563807","90s-rus","null","Эпоха первоначального накопления капитала, лихие (или святые?) девяностые — эти годы оставили неизгладимый след в отечественной поп-культуре. Ограничений прежних эпох пали — и ради самовыражения и успеха стало можно всё. И артисты куражились кто во что горазд. Пожалуй, ни в одно другое время российская поп-сцена не плодоносила столь бурно.","null","1","0","0.7310585786300049"
"32372","Архитектура Кировского района как наглядное воплощение истории советского строительства. Часть 2","1615898567","arhitektura-kirovskogo-rajona-17-12-2020","null","В продолжение виртуальной экскурсии по, казалось бы, ничем не примечательному Кировскому району, вернёмся в 20-е годы XX столетия — время благоустройства одного из главных районов молодого советского государства.","null","0","0","0.5"
"32031","Мэри Кэссетт: леди импрессионизма","1615899368","meri-kessett-ledi","null","В движении импрессионистов было немного иностранцев (читать — нефранцузов) и ещё меньше — женщин. Тем интересней говорить о Мэри Кэссетт — талантливой американке, воспевавшей в своих работах связь матери и ребёнка.","null","1","0","0.7310585786300049"
"31947","Юрий Пименов: поэт оттепели","1615899439","yurij-pimenov-poet-ottepeli","null","«Новая Москва», «Свадьба на завтрашней улице», «Первые модницы нового квартала», «Лирическое новоселье» — картины Юрия Пименова несут в себе стойкое ощущение простого человеческого счастья. В сегодняшнем материале говорим об этом замечательном художнике, которого нередко называют «мэтром советского импрессионизма».","null","0","0","0.5"
"31946","Тамара де Лемпицка: икона ар-деко","1615899514","tamara-de-lempitska-ikona-ar-","null","«Первая художница, которая была гламурной дивой» — так говорят о Тамаре де Лемпицка, чьё творчество — олицетворение ар-деко. О том, что вдохновляло польскую и американскую «баронессу с кисточкой» и чем интересны её работы, — в нашем материале.","null","0","1","0.5"
"32377","Девяностые. Музыкальные феномены десятилетия","1615899611","90s-west","null","Не сказать, что музыка 90-х надолго покидала нашу коллективную память. К тому же, к ней периодически возвращаются молодые музыканты — иногда кажется, что ностальгия по девяностым не собирается заканчиваться!","null","0","0","0.5"
"32416","Обожать кого-то следовало обязательно: правила жизни благородных девиц","1615899845","obozhat-kogo-to-sledovalo","null","Как вышло, что в Смольном институте благородных девиц воспитывали полезных для общества женщин, но многие превращались в инфантильных барышень? Какие правила нужно соблюдать, чтобы стать парфеткой, а не мовешкой? Зачем есть мыло, приносить домой снег, покупать выброшенные книги и мечтать о жизни в лазарете? В новом материале KudaGo предлагает на время переместиться в XVIII век и проверить, выстояли бы вы в таком учебном заведении с температурой 16°C, постным супом на обед и прогулками раз в год.","null","0","2","0.5"
"32427","Сокровища во дворах: необычные флигели Петербурга","1615899930","sokrovischa-vo-dvorah-neobyichnyie","null","Практически за каждым уважающим себя доходным домом стоит небольшое хозяйственное или жилое здание, которое называется флигелем. И далеко не все из них выглядят как двух- или трёхэтажные коробки, выкрашенные в жёлтый цвет. Дворы Петербурга скрывают настоящие сокровища, на поиски которых мы и отправимся. Сразу предупреждаем: информации про большинство флигелей немного — дворовым постройкам уделяют меньше внимания, чем главным зданиями. Так что во время прогулки советуем подключать ваше воображение.","null","0","0","0.5"
"32566","Заводы и дачи: прогулка по Свердловской набережной","1615900045","progulka-po-sverdlovskoj","null","Простор, свежий воздух и красота Невы — в этом Свердловская набережная. Удобное место для прогулок и спокойного городского отдыха. Отправляемся на экскурсию и поиск достопримечательностей.","null","0","1","0.5"
"32563","Что скрывает улица Рубинштейна. Часть 2","1615900143","chto-skryivaet-ulitsa-rubinshtejna-14-01-2021","null","Доходные дома, советский дом коммуна, малый театр Европы… и почему бары, а не клубы? Мы снова возвращаемся на одну из самых известных ресторанных улиц Европы. Мы уже успели познакомиться с «доходным» прошлым Троицкой улицы конца XIX — начала XX веков. Но что же было потом? Рассказываем об этом в новом материале платной рассылки.","null","0","0","0.5"
"32273","Архитектура Кировского района как наглядное воплощение истории советского строительства","1615903262","arhitektura-kirovskogo-rajona","null","Кировский район занимает первое среди самых нетуристических мест культурной столицы. Он охватывает не только микрорайоны Нарвская застава, Автово, Дачное и Ульянка, соединённые станциями метро «Нарвская», «Кировский завод», «Автово», «Ленинский проспект» и «Проспект Ветеранов», но и промышленные острова Гутуев, Белый и Канонерский — всего 4 800 гектаров, населённых 340 000 человек.","null","0","0","0.5"
"32348","Поль Гоген: открытки с Таити","1615903372","pol-gogen-otkryitki-s-taiti","null","Наряду с Винсентом Ван Гогом и Полем Сезанном Поль Гоген является одним из ключевых представителей постимпрессионизма. Как сформировался его уникальный стиль? Почему художника тянуло в экзотические страны? Как он повлиял на последующие поколения живописцев? Об этом и многом другом — в нашем материале.","null","0","0","0.5"
"32122","Пьер Боннар: последний проводник эстетики импрессионизма","1615903458","per-bonnar-poslednij-provodnik","null","«Самый японский набид» — так называли Пьера Боннара, входившего в знаменитую творческую группировку «Наби». О том, под чьим влиянием сформировался его стиль и какую роль в работах художника играют свет и цвет, — в нашем материале.","null","0","0","0.5"
"32849","Петербург Бенуа: 9 мест, созданных представителями художественной династии","1615903783","peterburg-benua-9-mest","null","Талантливых людей множество, но семей, готовых похвастаться большим количеством представителей искусства, — единицы. К таким относится семья Бенуа, которую также называют художественной династией. Побываем в Петербурге и пригороде и узнаем, какие из городских памятников, кроме дома Бенуа, появились благодаря членам семьи Бенуа.","null","0","0","0.5"
"32817","KudaGo в Петербурге прошлого: история общественного транспорта. Как появился трамвай","1615903868","kudago-v-peterburge-proshlogo-32817","null","KudaGo продолжает рассказывать о городской жизни до революции и представлять себя пассажирами первого общественного транспорта. Мы с вами уже прокатились на конке и омнибусе в предыдущем тексте. Сегодня мы станем свидетелями того, как в Петербурге появились первые трамваи, и познакомимся с разными видами этого транспорта.","null","0","0","0.5"
"32838","Кацусика Хокусай: Япония с привкусом Европы","1615904035","katsusika-hokusaj","null","Кацусика Хокусай — легенда японского искусства, один из ведущих представителей направления укиё-э. Его творчество оказало колоссальное влияние на импрессионизм, постимпрессионизм и ар-нуво. Сегодня предлагаем поговорить об этом интереснейшем художнике, который умел переводить философские рассуждения на выразительный и ёмкий язык гравюры.","null","0","0","0.5"
"32826","Десятые. Музыкальные феномены десятилетия","1615904122","music00-russia","null","Новая эпоха — новые лица. Фрешмены десятых покоряли не хит-парады, а стриминговые сервисы, записывали песни-мемы и позиционировали себя как блогеры и хайпожоры, а не как музыканты. Волна пандемии символически закрыла десятилетие, которое, как ни крути, было весёлым и богатым на хиты!","null","0","0","0.5"
"32823","Нулевые. Музыкальные феномены десятилетия","1615904401","00s-west","null","Нулевые — десятилетие, за которое всё изменилось; пришёл интернет, и взаимодействие человека с культурой в целом и музыкой в частности изменилось раз и навсегда. Так называемая музыкальная индустрия развалилась и исчезла, музыка стала доступной всем, единое пространство мейнстрима, формируемое крупными звукозаписывающими компаниями с огромными бюджетами, раскололось на множество непересекающихся между собой сцен. Иначе говоря, произошло огромное количество ужасно интересных и непривычных вещей, что отразилось на музыке десятилетия самым положительным образом.","null","0","0","0.5"
"32955","Паоло Веронезе: скандальный и гениальный","1615905408","paolo-veroneze","null","Паоло Веронезе — известный мастер Высокого Возрождения, картины которого интересны не только виртуозностью исполнения, но и революционностью: смелые для XVI века, они однажды привели автора к инквизиции. О том, что в них было новаторского и в чём вообще состоят творческие достижения Веронезе, — в нашем материале.","null","0","0","0.5"
"32918","Дом трёх Бенуа: его противоречивый архитектурный ансамбль, фешенебельное прошлое и неоднозначное настоящее","1615905767","dom-tryoh-benua-ego","null","В 1914 году на Петроградской стороне Петербурга по заказу компании «Первое Российское страховое общество» завершилось строительство доходного дома на ни много ни мало 250 квартир. Это здание прозвали Домом трёх Бенуа, поскольку проект его возведения принадлежал трём братьям — Леонтию Николаевичу, Альберту Николаевичу и Юлию Юльевичу Бенуа. Их архитектурное творение заняло целый квартал города и совершенно особое место в истории сначала Российской Империи, а затем Советского Союза.","null","0","0","0.5"
"32975","KudaGo в Петербурге прошлого: немецкие рестораны","1615906140","kudago-v-peterburge-proshlogo-nemeskie-mesta","null","В начале ХХ века немцы были крупнейшей, за исключением русских, этнической группой в Петербурге: в городе проживало более 50 000 выходцев из Германии. Они любили посещать трактиры, в которых не просто собирались выпить и поесть, а встречались там с соотечественниками и делились новостями. Такие заведения были популярны и у русских, которые сюда приходили за баварскими сосисками и европейской душевной атмосферой.","null","0","0","0.5"
"32976","Остатки былой роскоши. Часть 2: самые интересные исторические витражи Петроградской стороны","1615906241","ostatki-byiloj-roskoshi-chast-2","null","Продолжаем рассматривать витражи в исторических домах, которые уже больше века смотрят на городские улицы, жильцов и туристов.","null","0","0","0.5"
"31412","Край роскошных вилл: прогулка по Каменному острову","1615906646","kraj-roskoshnyih-vill-progulka-po","null","Городская легенда гласит, что когда Пётр I начал осваивать Петербург, в районе острова из Невы возвышалась каменная скала. Потому и решили, что место будет называться Каменным. Живописный остров застраивался особняками и постепенно становился дореволюционной версией Рублёвки. Ещё больше увлекательных материалов о необычных местах нашего города ищите в спецпроекте.","null","11","0","0.999983298578152"
"31408","KudaGo в Петербурге прошлого: история центральных универмагов","1615906652","kudago-v-peterburge-proshlogo-01-10-2020","null","В этой серии материалов KudaGo представляет, о чём бы мы писали в ХХ веке: где петербуржцы ужинали, развлекались и совершали покупки. Сегодня в рассылке мы расскажем о необычном прошлом самых знаменитых торговых центров города: «Пассаж», ДЛТ и «У Красного моста».","null","0","1","0.5"
"33178","Борис Смирнов-Русецкий: в диалоге с космосом","1616156657","boris-smirnov-rusetskij-v","null","Предлагаем поговорить о творчестве не самого известного художника Бориса Смирнова-Русецкого. Живописец был представителем направления космизм и, подобно Юрию Гагарину, стремился перешагнуть грань неизвестного на пути познания загадок Вселенной.","null","0","0","0.5"
"33201","Музыкальный знак качества: история легендарной фортепианной фабрики C.M. Schröder","1616156776","muzyikalnyij-znak-kachestva","null","Адмиралтейские верфи, завод резиновой обуви «Красный Треугольник», бюро «Сименс», Путиловский (теперь Кировский) завод — эти и другие гиганты на протяжении десятков и даже сотен лет всегда были на слуху, и сегодня о них знают не только петербуржцы. Однако некоторые предприятия, которые расцвели в эпоху Российской империи, исчезли после революции навсегда. Среди них оказалась и фортепианная фабрика C. M. Schröder. Но до своей гибели она успела прогреметь на весь мир.","null","0","0","0.5"
"33192","Передовые курсистки и сплошные революционерки: история первого женского университета Российской империи","1616156833","peredovyie-kursistki-i-sploshnyie","null","В XIX веке три петербурженки добивались права на высшее образование и достойную работу для женщин. И им это удалось! Дорога к мечте заняла полвека, а результатом стало создание Бестужевских курсов. Почему студенток называли «бесстыжевками» и при чём здесь «декольтированные феи», рассказываем в новом материале о прошлом города.","null","0","0","0.5"
"33228","Поэзия от мира кино — путеводитель по фильмографии Джима Джармуша","1616176860","poeziya-ot-mira-kino--","null","Джим Джармуш является одним из самых значительных представителей независимого кино не только в США, но и во всём мире. Свою карьеру он начал ещё в 1980-х. Уже тогда киносообщество отметило поэтичность и медитативность его картин. Совмещая европейские и американские традиции, Джармуш по сей день создаёт уникальные и не похожие друг на друга фильмы. Но несмотря на такую многогранность его киноработ, мы решили разобраться, что же объединяет все картины Джима Джармуша.","null","4","0","0.9820137900379085"
"33278","Вилла Рено. Картины прошлого","1616596830","villa-reno-kartinyi-proshlogo","null","Елена Травина, экскурсовод и создательница проекта «Старые дачи», рассказывает историю утраченной виллы Рено в Комарово. Материал подготовлен KudaGo совместно с краеведами портала «Зеленогорск СПб: История и современность». Больше фотографий можно найти в галерее проекта.","null","0","0","0.5"
"30978","Прерафаэлиты: Ренессанс с привкусом модерна","1616601987","prerafaelityi-rannij-renessans-s","null","Прерафаэлиты. Большинство людей, которые слышат это красивое и загадочное слово, представляют себе рыжеволосых девушек с бледной кожей, пышные кусты роз и шекспировские страсти, воспетые языком живописи. Что проповедовали мастера викторианского авангарда? Как сдержанная Англия середины XIX столетия отреагировала на новое искусство? И при чём здесь Рафаэль? Давайте разбираться.","null","0","0","0.5"
"31007","Пеньки и особняки: прогулка по Владимирскому округу","1616602297","penki-i-osobnyaki-progulka-po","null","Район, сохранивший дух старого Петербурга в своих исторических домах, тихих улочках и необычных скульптурах.","null","0","0","0.5"
"33267","Петербургская архитектура в деталях: львы и грифоны","1616681186","peterburgskaya-arhitektura-v-24-03-2021","null","KudaGo продолжает серию виртуальных прогулок, в которых мы знакомимся с бессменными городскими обитателями и изучаем архитектурные детали. На встречу с сегодняшними героями, львами, стоит выделить целый день. За какие заслуги этих животных так любят в Петербурге? Сколько всего львов в нашем городе? Почему их иногда путают с грифонами? Мы ответим на эти и другие вопросы и проведём вас по местам с самыми знаменитыми львиными скульптурами.","null","1","0","0.7310585786300049"
"33275","Призрачные станции метро в Петербурге","1616681543","ischeznuvshie-stantsii-metro-v","null","За слишком длинным перегоном скрывается недостроенная станция, за зданием ГИБДД — бывший вестибюль, за белой стеной — исчезнувшее панно. В новом тексте для влюблённых в Петербург мы расскажем о трёх призрачных станциях метро, с прошлым которых связаны любопытные истории.","null","0","3","0.5"
"33308","Казино, гангстеры и Маленькая Италия — путеводитель по фильмографии Мартина Скорсезе","1617007968","kazino-gangsteryi-i-malenkaya","null","За свою карьеру голливудский классик создал около 60 художественных и документальных картин. О чём же снимает свои фильмы Мартин Скорсезе и почему его сюжеты до сих пор волнуют зрителей? Также рассказываем о самых впечатляющих работах мастера. Ещё больше увлекательных материалов про мир кино, обзоров премьер и рецензий на картины ищите у нас в разделе.","null","0","0","0.5"
"33343","Франческо Айец: романтик и шифровальщик","1617363809","franchesko-ajets","null","Франческо Айец — итальянский художник, творчество которого относится к направлению романтизм. Его имя не так хорошо известно широкой публике, а между тем живопись мастера представляет большой интерес.","null","0","0","0.5"
"32840","Куинджи. Постигая тайну света","1617364047","kuindzhi-postigaya-tajnu-sveta","null","Архип Куинджи — один из самых ярких и загадочных пейзажистов в истории русской живописи. Почти потустороннее свечение его картин завораживало и даже немного пугало публику в XIX веке. И по сей день вокруг полотен Куинджи собираются восторженные зрители, которые пытаются понять, в чём магия этих шедевров.","null","1","0","0.7310585786300049"
"33358","Прогулки Монферрана, обормот на бегемоте и «сорок мучеников»: подборка исторических анекдотов к 1 апреля","1617364634","progulki-monferrana-obormot-na","null","Изучение истории и культуры Петербурга — занятие очень весёлое. Не верите? Тогда скорее читайте о том, как Монферран выгуливал пса на Дворцовой площади, Николай Второй грозил ссылкой памятнику, а с «Авроры» сбегали крокодилы.","null","0","0","0.5"
"33367","Камень, замок, храм: что смотреть в Лахте, кроме небоскрёба?","1617364948","kamen-zamok-hram-chto","null","Лахта известна далеко за пределами Петербурга, но в меньшей степени из-за своей исторической ценности, а больше благодаря небоскрёбу «Лахта Центр», который с 2012 года на побережье Финского залива строит компания «Газпром». Что ещё интересного можно найти во время прогулки по району?","null","1","0","0.7310585786300049"
"33417","Юрий Гагарин в советской живописи","1617968585","yurij-gagarin-v-sovetskoj","null","Советский космонавт Юрий Гагарин не только воплотил многовековую мечту человечества о покорении звёздного неба, но и стал источником вдохновения для многих художников.","null","0","0","0.5"
"33419","Средневековый замок в центре Петербурга: доходный дом Розенштейна","1617968737","srednevekovyij-zamok-v-tsentre","null","Взоры гостей Петроградской стороны приковывает величественное здание средневекового вида. Понадобится не один час, чтобы рассмотреть этот необыкновенный дом-замок, который является доминантой площади Льва Толстого. Как появилось это здание? И почему оно так необычно выглядит? Разбираемся в новом тексте для влюблённых в Петербург.","null","0","0","0.5"
"33290","Вино и нитки: прогулка по Синопской набережной","1617968867","sinopskaya-naberezhnaya","null","Просторная набережная тянется почти на три километра между двумя крупными мостами через Неву — Александра Невского и Большеохтинским. Во время прогулки мы встретим некогда богатейший особняк набережной, увидим, где разливали пиво и вино в промышленных масштабах, а также узнаем, откуда нитки разлетались по всей стране.","null","1","0","0.7310585786300049"
"33494","Сладкая история Петербурга: кондитерские фабрики, о которых мало кто помнит","1618577284","sladkaya-istoriya-peterburga","null","Только к середине XIX века в Москве и в Петербурге стали появляться крупные кондитерские фабрики. Какие-то и сегодня на слуху, а вот некоторые незаслуженно забыты. Давайте вернёмся в столицу Российской империи позапрошлого столетия и познакомимся со сладкими историями, которые, увы, так и не продолжились в веке двадцатом.","null","0","0","0.5"
"51689","«Поющие мосты» вновь посвятят творчеству Андрея Петрова","1728656980","poyuschie-mostyi-vnov-posvyatyat","null","Композитор создал музыку ко многим популярным фильмам.","null","0","1","0.5"
"51691","Tesla выпустит беспилотные такси","1728657032","tesla-vyipustit-bespilotnyie-taksi","null","Илон Маск хочет запустить производство уже через два года.","null","0","0","0.5"
"51693","В Риме за посещение фонтана Треви будут брать плату","1728657216","v-rime-za-poseschenie-fontana","null","Власти ограничат поток туристов к центральной достопримечательности.","null","0","0","0.5"
"51690","У «Теории большого взрыва» появится спин-офф","1728657965","u-teorii-bolshogo-vzryiva","null","В нём расскажут о второстепенных персонажах шоу.","null","0","0","0.5"
"51692","В заповеднике Ленобласти впервые за несколько лет заметили волчат","1728658216","v-zapovednike-v-lenoblasti","null","Они попали в видеоловушку.","null","0","0","0.5"
"51694","В Ленобласти заметили необычных уток и беркута","1728658459","v-lenoblasti-zametili-neobyichnyih","null","Им грозит вымирание.","null","0","0","0.5"
"51695","В Петербурге началась закупка новогодних украшений для улиц","1728658555","v-peterburge-nachalas-zakupka","null","Ель на Дворцовой будет живой.","null","0","0","0.5"
"51698","Измени своё лицо: рецензия на фильм «Другой человек»","1728818890","retsenziya-na-film-drugoj","null","Новинка с Берлинского кинофестиваля «Другой человек» ещё идёт в прокате и вполне успешно может шокировать неподготовленного зрителя. Возможно, что кого-то даже не меньше, чем «Субстанция». Аарон Шимберг продолжает препарировать вопросы красоты и уродства и снимает боди-хоррор на грани с драмой и чёрной сатирой. Каким получился этот морализаторский ужастик, читайте в нашей рецензии. Ещё больше обзоров премьер и рецензий на фильмы ищите у нас на сайте в разделе про кино.","null","0","0","0.5"
"51603","Эрмитаж запускает экскурсии по экспозиции «Костюмы Прекрасной эпохи","1727971062","ermitazh-zapuskaet-ekskursii-po","null","Гид поможет разобраться, что влияло на европейскую моду много веков назад.","null","0","0","0.5"
"51604","В Эрмитаже открылась выставка японских миниатюрных скульптур нэцкэ","1727971145","vystavka-yaponskih-miniatyurnyh-skulptur-necke","null","Зрителям представили 185 экспонатов.","null","0","0","0.5"
"51610","В Калининском районе открылся скейт-парк","1728044234","v-kalininskom-rajone-otkryilsya","null","Здесь можно заниматься разнообразным экстремальным спортом.","null","0","0","0.5"
"51611","В Михайловском замке откроется выставка рисунков XX века","1728044547","v-mihajlovskom-zamke-otkroetsya","null","Знаменитые живописцы предстанут с новой стороны.","null","0","0","0.5"
"51612","Эминем станет дедушкой в следующем году","1728048000","eminem-stanet-dedushkoj","null","О беременности единственной дочери он рассказал в клипе.","null","0","0","0.5"
"51613","В Нью-Йорке крысам будут давать контрацептивы для сокращения их численности","1728050685","v-nyu-jorke-kryisam-budut-davat","null","Власти продолжают бороться с нашествием грызунов.","null","0","0","0.5"
"51614","Большой театр теперь продаёт билеты только по паспортам","1728052593","bolshoj-teatr-teper-prodayot","null","Так организация борется с мошенниками.","null","0","0","0.5"
"51615","Смотрим новый трейлер фильма «Паддингтон в Перу»","1728055367","trejler-filma-paddington-v-peru","null","Медвежонок попадает в удивительные истории в поисках тёти.","null","0","0","0.5"
"51620","Над Россией зажглось северное сияние","1728296475","nad-rossiej-zazhglos-severnoe-siyanie","null","Огни на небе появились в середине ночи.","null","0","0","0.5"
"51622","В Петербурге скоро похолодает","1728301908","v-peterburge-skoro-poholodaet","null","А потом потеплеет.","null","0","0","0.5"
"51627","В Летнем саду поспела брусника","1728306915","v-letnem-sadu-pospela-brusnika","null","Но лучше её не есть.","null","0","0","0.5"
"51628","В Красногвардейском районе появятся швейные коворкинги","1728308208","v-krasnogvardejskom-rajone-shvejnye-kovorkingi","null","Они будут бесплатными.","null","0","0","0.5"
"51629","В России планируют ввести штрафы за оскорбление учителей","1728310966","v-rossii-planiruyut-vvesti-shtrafyi","null","Это коснётся и высказываний в сети.","null","0","0","0.5"
"51630","В октябре ожидаются два звездопада","1728311203","v-oktyabre-budet-dva-zvezdopada","null","За ними можно наблюдать после захода солнца.","null","0","0","0.5"
"51631","В России может появиться студенческая ипотека","1728312093","v-rossii-mozhet-poyavitsya-studencheskaya-ipoteka","null","Молодые семьи смогут купить большую квартиру для себя и будущих детей.","null","0","0","0.5"
"51618","Открыт приём заявок для участия в Эрарта Премии — 2025","1728313040","otkryit-priyom-zayavok-dlya-erarta","null","До 20 октября музей современного искусства Эрарта проводит приём заявок на соискание премии в 2025 году. Всего будет выбрано 40 авторов, а призовой фонд составит 3 500 000 рублей. Самое интересное, что победителей этого уникального конкурса определят не эксперты, а зрители.","null","0","0","0.5"
"51632","Энн Хэтэуэй подтвердила участие в третьей части «Дневников принцессы»","1728314643","enn-heteuej-podtverdila-uchastie","null","Её снимет женщина-режиссёр.","null","0","0","0.5"
"51633","Шоу «Натальная карта» запустило сервис с предсказаниями","1728314796","shou-natalnaya-karta-zapustilo","null","Можно составить свою натальную карту и проверить совместимость.","null","0","0","0.5"
"51634","Нейросеть помогла сделать трейлер игровой версии «Принцессы Мононоке»","1728315009","nejroset-pomogla-sozdat","null","Его создание обошлось в 745 долларов.","null","0","0","0.5"
"51638","В Петербурге тестируют новый электробус","1728384830","v-peterburge-testiruyut-novyij","null","После окончания испытаний будет принято решение о покупке.","null","0","0","0.5"
"51640","Эрмитаж откроет филиал в Приморье","1728385848","ermitazh-otkroet-filial-v","null","Через три года.","null","0","0","0.5"
"51643","Москва возглавила рейтинг самых матерящихся городов страны","1728397841","moskva-vozglavila-rejting-samyih","null","Столица опустилась ниже Дна.","null","0","0","0.5"
"51641","Трамваи вернулись на Косую линию и Детскую улицу в Петербурге","1728398215","tramvai-vernulis-na-kosuyu-liniyu","null","Их трассы меняли из-за строительства продолжения оранжевой линии подземки.","null","0","0","0.5"
"51644","В Петербурге идёт установка видеокамер на детских и спортивных площадках","1728398300","v-peterburge-idyot-ustanovka","null","Оснастить планируют свыше 300 объектов.","null","0","0","0.5"
"51645","В Ленобласти спасли раненого лебедя","1728398374","v-lenoblasti-spasli-ranenogo","null","Он идёт на поправку.","null","0","0","0.5"
"51647","Турецкие пастухи требуют от фермеров оплачивать интернет для просмотра TikTok","1728399458","turetskie-pastuhi-trebuyut-ot","null","Работодатели соглашаются на их условия.","null","0","0","0.5"
"51649","Сотни гусиных стай сейчас пролетают над Петербургом","1728402499","sotni-gusinyih-staj-sejchas","null","Они направляются на юг.","null","0","0","0.5"
"51652","Ветер крепчает в Петербурге","1728466513","veter-krepchaet-v-peterburge","null","Об этом горожан предупреждает МЧС.","null","0","0","0.5"
"51654","Кронверкский мост у Петропавловской крепости закрыли на ремонт","1728472238","kronverkskij-most-u","null","Он закончится в следующем году.","null","0","0","0.5"
"51656","В Петербурге могут ввести бесплатный день для посещения музеев раз в месяц","1728482232","besplatnyj-den-dlya-posesheniya-muzeev-peterburg","null","Культурный досуг должен стать доступнее.","null","0","0","0.5"
"51655","Сад-трансформер на Исаакиевской площади демонтировали","1728483417","sad-transformer-na-isaakievskoj","null","Деревья и кусты высадят в парках города.","null","0","0","0.5"
"51657","Объявлена дата премьеры экранизации «Ста лет одиночества»","1728483584","data-premery-sto-let-odinochestva","null","Первый сезон покажут в декабре.","null","0","0","0.5"
"51659","В новом трейлере «Моаны 2» герои противостоят богине","1728483965","v-novom-trejlere-moanyi-2-geroi","null","Их цель — снять проклятие.","null","0","0","0.5"
"51660","Роман «Йеллоуфейс» Ребекки Куанг экранизируют","1728484649","jelloufejs-rebekki-kuang-ekraniziruyut","null","Печатная история о присвоенной книге стала бестселлером.","null","0","0","0.5"
"51661","Вышел дебютный трейлер байопика про Боба Дилана","1728485891","trejler-bajopika-pro-boba-dilana","null","Кинолента расскажет о молодости поэта и певца.","null","0","0","0.5"
"51662","В Японии выпустили самый маленький кубик Рубика в истории","1728489302","v-yaponii-vyipustili-samyij","null","Рекорд подтвердили официально.","null","0","0","0.5"
"51665","Планета против: рецензия на фильм «Говорит Земля!»","1728548446","retsenziya-na-film-govorit-zemlya","null","В кинотеатрах уже идёт легкомысленная, но забавная комедия «Говорит Земля!». Евгений Корчагин, снимавший «Михалыча» и «Войну семей» для телеканала ТНТ, посвятил свой полнометражный дебют проблемам экологии. Впрочем, довольно поверхностно. Какой получилась экокомедия, читайте в нашей рецензии. Ещё больше обзоров премьер и рецензий на фильмы ищите у нас на сайте в разделе про кино.","null","0","0","0.5"
"51669","В Ленобласти продолжается грибной сезон","1728553441","v-lenoblasti-prodolzhaetsya","null","Охота за клюквой в самом разгаре.","null","0","0","0.5"
"51670","В Петербурге завершили благоустройство бульвара Новаторов","1728560598","v-peterburge-zavershili-blagoustrojstvo-bulvara-novatorov","null","В Кировском районе новое пространство для прогулок.","null","0","0","0.5"
"51672","Эрмитаж рассказал о планах на 2025 год","1728564871","ermitazh-rasskazal-o-planah-na","null","В следующем году музей проведёт больше 30 выставок.","null","0","0","0.5"
"51673","ВКонтакте отмечает 18-летие","1728564918","vkontakte-otmechaet-18-letie","null","Соцсеть поздравила пользователей, которым тоже исполнилось 18 в этот день.","null","0","0","0.5"
"51674","Статуя лисёнка из посёлка Лисий Нос вернулась на своё место","1728565246","statuya-lisenka-iz-poselka-lisij","null","Она была на реставрации.","null","0","0","0.5"
"51676","Составили рейтинг лучших хорроров всех времён","1728567207","luchshie-horrory-vseh-vremyon","null","В топ-10 — только картины ХХ века.","null","0","0","0.5"
"51677","«Просто я такой, и здравствуйте»: почему стоит посетить выставку «Виктор Цой. Легенда», даже если вы не его фанат","1728633401","pochemu-stoit-posetit-vystavku-viktor-coj-legenda","null","С чем у вас ассоциируется Виктор Цой и какие чувства вызывает его музыка? Понять легенду и погрузиться в атмосферу его времени приглашает выставка-байопик, которая два года назад уже поразила жителей столицы, а теперь в обновлённом виде открылась на родине музыканта. Посетить экспозицию можно с 12 октября в «Севкабель Порту», а мы расскажем, чем она запомнилась нам и почему на ней понравится не только фанатам музыки «Кино».","null","0","0","0.5"
"51567","«Мне даже сон снился, как я в красном платье поднимаюсь на сцену за Грэмми»: интервью с Baby Cute","1728639122","intervyu-baby-cute","null","Восходящая звезда лейбла Gazgolder рассказала в интервью KudaGo, что считает своим главным достижением, как реагирует на критику в соцсетях и когда выйдет первый альбом.","null","0","0","0.5"
"51683","Северное сияние наблюдали по всей России","1728643216","severnoe-siyanie-nablyudali-po","null","В выходные ждут новую серию «небесного шоу».","null","0","0","0.5"
"51678","В России выпустили книгу о пет-френдли культуре","1728645460","v-rossii-vyipustili-knigu-o-pet-","null","Это сборник советов по организации удобного пространства для четвероногих.","null","0","0","0.5"
"51679","Британцы снимут спин-офф «Гордости и предубеждения»","1728645579","britantsyi-snimut-spin-off","null","Он расскажет о младшей сестре  Элизабет Беннет.","null","0","0","0.5"
"51685","В Ленобласти назвали самые популярные и необычные имена детей","1728649906","v-lenoblasti-nazvali-samyie","null","В топе без изменений.","null","0","0","0.5"
"51688","Вышел ещё один трейлер «Конклава» с Рэйфом Файнсом","1728649999","vyishel-eschyo-odin-trejler","null","Премьера в России в конце ноября.","null","0","0","0.5"
